{"name":"cc37c2dc-f438-4ce2-a9eb-c8ff8987d55f","id":"/providers/Microsoft.Flow/flows/cc37c2dc-f438-4ce2-a9eb-c8ff8987d55f","type":"Microsoft.Flow/flows","properties":{"apiId":"/providers/Microsoft.PowerApps/apis/shared_logicflows","displayName":"ExceltoWordComposeMethodW","definition":{"metadata":{"workflowEntityId":null,"processAdvisorMetadata":null,"flowChargedByPaygo":null,"flowclientsuspensionreason":"None","flowclientsuspensiontime":null,"flowclientsuspensionreasondetails":null,"creator":{"id":"e188febf-8e3b-44ff-ae49-086d92ccb8ce","type":"User","tenantId":"07578d18-3837-4bb6-9165-02563dc7dd80"},"provisioningMethod":"FromDefinition","failureAlertSubscription":true,"clientLastModifiedTime":"2023-09-27T21:34:13.2180912Z"},"$schema":"https://schema.management.azure.com/providers/Microsoft.Logic/schemas/2016-06-01/workflowdefinition.json#","contentVersion":"1.0.0.0","parameters":{"$connections":{"defaultValue":{},"type":"Object"},"$authentication":{"defaultValue":{},"type":"SecureObject"}},"triggers":{"When_a_file_is_created_or_modified_in_a_folder":{"recurrence":{"frequency":"Minute","interval":1},"metadata":{"%252fShared%2bDocuments%252fGeneral%252fGeneralScriptsTesting":"/Shared Documents/General/GeneralScriptsTesting","operationMetadataId":"1e7e6b2c-5f81-4b39-a53b-22232c0cddab"},"type":"OpenApiConnection","inputs":{"host":{"apiId":"/providers/Microsoft.PowerApps/apis/shared_sharepointonline","connectionName":"shared_sharepointonline","operationId":"OnUpdatedFile"},"parameters":{"dataset":"https://analysisie.sharepoint.com/sites/PowerFlowTesting","folderId":"%252fShared%2bDocuments%252fGeneral%252fGeneralScriptsTesting","inferContentType":true},"authentication":"@parameters('$authentication')"}}},"actions":{"List_rows_present_in_a_table":{"runAfter":{},"metadata":{"0146YCOBKXWYMOPF6Y2RG2EXYWNN6E3HZC":"/General/GeneralScriptsTesting/ScriptsTesting.xlsx","tableId":"{CE0A511F-AD3D-42EF-B342-E6640070E368}","operationMetadataId":"9afba460-dcd9-4981-85bc-2f6b909bb37c"},"type":"OpenApiConnection","inputs":{"host":{"apiId":"/providers/Microsoft.PowerApps/apis/shared_excelonlinebusiness","connectionName":"shared_excelonlinebusiness","operationId":"GetItems"},"parameters":{"source":"sites/analysisie.sharepoint.com,826e60be-617f-42f4-be95-0c74c86a90f6,1b68fc0c-c49c-4ccf-a19e-307074265c63","drive":"b!vmBugn9h9EK-lQx0yGqQ9gz8aBucxM9MoZ4wcHQmXGPcdbgMrlDCRbEDCxAjUml-","file":"0146YCOBKXWYMOPF6Y2RG2EXYWNN6E3HZC","table":"{CE0A511F-AD3D-42EF-B342-E6640070E368}"},"authentication":"@parameters('$authentication')"}},"Create_file":{"runAfter":{"Delete_file":["Succeeded","Failed"]},"metadata":{"operationMetadataId":"7f633537-e639-448e-a351-028395509c5a"},"type":"OpenApiConnection","inputs":{"host":{"apiId":"/providers/Microsoft.PowerApps/apis/shared_sharepointonline","connectionName":"shared_sharepointonline","operationId":"CreateFile"},"parameters":{"dataset":"https://analysisie.sharepoint.com/sites/PowerFlowTesting","folderPath":"/Shared Documents/General/WordOutputs","name":"Customer Contact List.docx","body":"@outputs('Populate_a_Microsoft_Word_template')?['body']"},"authentication":"@parameters('$authentication')"},"runtimeConfiguration":{"contentTransfer":{"transferMode":"Chunked"}}},"Delete_file":{"runAfter":{"Populate_a_Microsoft_Word_template":["Succeeded"]},"metadata":{"%252fShared%2bDocuments%252fGeneral%252fWordOutputs%252fCustomer%2bContact%2bList.docx":"/Shared Documents/General/WordOutputs/Customer Contact List.docx","operationMetadataId":"06d528d2-1430-44ef-a95e-6b6b95b53e05"},"type":"OpenApiConnection","inputs":{"host":{"apiId":"/providers/Microsoft.PowerApps/apis/shared_sharepointonline","connectionName":"shared_sharepointonline","operationId":"DeleteFile"},"parameters":{"dataset":"https://analysisie.sharepoint.com/sites/PowerFlowTesting","id":"%252fShared%2bDocuments%252fGeneral%252fWordOutputs%252fCustomer%2bContact%2bList.docx"},"authentication":"@parameters('$authentication')"}},"Apply_to_each_Row":{"foreach":"@outputs('List_rows_present_in_a_table')?['body/value']","actions":{"ComposeInputArray":{"runAfter":{},"metadata":{"operationMetadataId":"6c2897a6-e268-4987-af7c-d8a749fe83d1"},"type":"Compose","inputs":{"CustomerName":"@{items('Apply_to_each_Row')?['Customer Name']}","IndustryType":"@{items('Apply_to_each_Row')?['Industry Type']}","ContactEmail":"@{items('Apply_to_each_Row')?['Contact Email']}"},"description":"Acts as if it were an \"Append to Array\" action"}},"runAfter":{"List_rows_present_in_a_table":["Succeeded"]},"metadata":{"operationMetadataId":"ea257b41-13b2-43c6-b71d-007f112d74f3"},"type":"Foreach"},"Send_an_email_(V2)_2":{"runAfter":{"WordInputArrayCompose":["Succeeded"]},"metadata":{"operationMetadataId":"ff51058d-a1e7-4320-8832-4f3ffe964ca3"},"type":"OpenApiConnection","inputs":{"host":{"apiId":"/providers/Microsoft.PowerApps/apis/shared_office365","connectionName":"shared_office365","operationId":"SendEmailV2"},"parameters":{"emailMessage/To":"les@analysis.ie","emailMessage/Subject":"WordInputArray","emailMessage/Body":"<p>Compose Input Array :<br>\n@{outputs('WordInputArrayCompose')}<br>\n</p>"},"authentication":"@parameters('$authentication')"}},"Populate_a_Microsoft_Word_template":{"runAfter":{"Send_an_email_(V2)_2":["Succeeded"]},"metadata":{"0146YCOBICDJWQGGGJYNHIG53SW7Y4SMYS":"/General/GeneralScriptsTesting/WordInvoiceDoc.docx","0146YCOBKSA2ENZL42MFHJ2HZJPHAZD2AO":"/General/GeneralScriptsTesting/WordInvoiceDoc.docx","operationMetadataId":"ead7dce0-dd55-484a-ae1f-c72140cbd7bc"},"type":"OpenApiConnection","inputs":{"host":{"apiId":"/providers/Microsoft.PowerApps/apis/shared_wordonlinebusiness","connectionName":"shared_wordonlinebusiness","operationId":"CreateFileItem"},"parameters":{"source":"sites/analysisie.sharepoint.com,826e60be-617f-42f4-be95-0c74c86a90f6,1b68fc0c-c49c-4ccf-a19e-307074265c63","drive":"b!vmBugn9h9EK-lQx0yGqQ9gz8aBucxM9MoZ4wcHQmXGPcdbgMrlDCRbEDCxAjUml-","file":"0146YCOBKSA2ENZL42MFHJ2HZJPHAZD2AO","dynamicFileSchema/1273132053":"@outputs('WordInputArrayCompose')"},"authentication":"@parameters('$authentication')"}},"WordInputArrayCompose":{"runAfter":{"Apply_to_each_Row":["Succeeded"]},"metadata":{"operationMetadataId":"6dba218e-e7dc-4b39-9cbb-cf8cbde2e3e7"},"type":"Compose","inputs":"@outputs('ComposeInputArray')"}}},"connectionReferences":{"shared_excelonlinebusiness":{"connectionName":"shared-excelonlinebu-0a5915d9-136d-4100-940a-8cd3-9036339b","source":"Embedded","id":"/providers/Microsoft.PowerApps/apis/shared_excelonlinebusiness","tier":"NotSpecified"},"shared_sharepointonline":{"connectionName":"3bdf9fd1815e4b5fb436e066938109f8","source":"Embedded","id":"/providers/Microsoft.PowerApps/apis/shared_sharepointonline","tier":"NotSpecified"},"shared_office365":{"connectionName":"shared-office365-cd5ef321-f0e1-44ca-9b1b-f4be2a8d3f5a","source":"Embedded","id":"/providers/Microsoft.PowerApps/apis/shared_office365","tier":"NotSpecified"},"shared_wordonlinebusiness":{"connectionName":"shared-wordonlinebus-f71afe3e-06dc-4e97-8c1c-edcf-bd3ec306","source":"Embedded","id":"/providers/Microsoft.PowerApps/apis/shared_wordonlinebusiness","tier":"NotSpecified"}},"flowFailureAlertSubscribed":false,"isManaged":false}}